timestamp,PV_obs
2021-09-20 01:00:00,0.000264233
2021-09-20 02:00:00,0.000352111
2021-09-20 03:00:00,0.000130442
2021-09-20 04:00:00,0.0
2021-09-20 05:00:00,0.000162758
2021-09-20 06:00:00,0.0
2021-09-20 07:00:00,0.0205398
2021-09-20 08:00:00,0.296955
2021-09-20 09:00:00,0.440102
2021-09-20 10:00:00,0.68523
2021-09-20 11:00:00,0.831884
2021-09-20 12:00:00,0.896073
2021-09-20 13:00:00,0.915301
2021-09-20 14:00:00,0.853961
2021-09-20 15:00:00,0.569598
2021-09-20 16:00:00,0.412249
2021-09-20 17:00:00,0.188457
2021-09-20 18:00:00,0.00518684
2021-09-20 19:00:00,0.0
2021-09-20 20:00:00,0.0
2021-09-20 21:00:00,0.0
2021-09-20 22:00:00,0.0
2021-09-20 23:00:00,0.0
2021-09-21 00:00:00,0.0
2021-09-21 01:00:00,0.0
2021-09-21 02:00:00,0.0
2021-09-21 03:00:00,0.0
2021-09-21 04:00:00,0.0
2021-09-21 05:00:00,0.0
2021-09-21 06:00:00,0.0
2021-09-21 07:00:00,0.0
2021-09-21 08:00:00,0.419671
2021-09-21 09:00:00,0.784387
2021-09-21 10:00:00,1.05301
2021-09-21 11:00:00,0.969148
2021-09-21 12:00:00,0.834555
2021-09-21 13:00:00,0.828913
2021-09-21 14:00:00,0.488045
2021-09-21 15:00:00,0.352313
2021-09-21 16:00:00,0.153737
2021-09-21 17:00:00,0.112383
2021-09-21 18:00:00,0.0
2021-09-21 19:00:00,0.00210076
2021-09-21 20:00:00,0.0
2021-09-21 21:00:00,0.0
2021-09-21 22:00:00,0.0
2021-09-21 23:00:00,0.0
2021-09-22 00:00:00,0.0
2021-09-22 01:00:00,0.0
2021-09-22 02:00:00,0.00621554
2021-09-22 03:00:00,0.0126905
2021-09-22 04:00:00,0.00917208
2021-09-22 05:00:00,0.0
2021-09-22 06:00:00,0.000993734
2021-09-22 07:00:00,0.0184545
2021-09-22 08:00:00,0.158293
2021-09-22 09:00:00,0.520012
2021-09-22 10:00:00,0.858517
2021-09-22 11:00:00,1.10058
2021-09-22 12:00:00,1.03741
2021-09-22 13:00:00,0.947655
2021-09-22 14:00:00,0.750416
2021-09-22 15:00:00,0.478721
2021-09-22 16:00:00,0.220285
2021-09-22 17:00:00,0.0157464
2021-09-22 18:00:00,0.0
2021-09-22 19:00:00,0.0
2021-09-22 20:00:00,0.0
2021-09-22 21:00:00,0.0326193
2021-09-22 22:00:00,0.0064286
2021-09-22 23:00:00,0.00332073
2021-09-23 00:00:00,0.013761
2021-09-23 01:00:00,0.0188762
2021-09-23 02:00:00,0.00680866
2021-09-23 03:00:00,0.016236
2021-09-23 04:00:00,0.0294321
2021-09-23 05:00:00,0.0402149
2021-09-23 06:00:00,0.061888
2021-09-23 07:00:00,0.212045
2021-09-23 08:00:00,0.587187
2021-09-23 09:00:00,0.675489
2021-09-23 10:00:00,0.742042
2021-09-23 11:00:00,0.969476
2021-09-23 12:00:00,1.03731
2021-09-23 13:00:00,0.927469
2021-09-23 14:00:00,0.82267
2021-09-23 15:00:00,0.527795
2021-09-23 16:00:00,0.377251
2021-09-23 17:00:00,0.171763
2021-09-23 18:00:00,0.0291353
2021-09-23 19:00:00,0.0251785
2021-09-23 20:00:00,0.0711827
2021-09-23 21:00:00,0.0751939
2021-09-23 22:00:00,0.0532681
2021-09-23 23:00:00,0.0325761
2021-09-24 00:00:00,0.0478747
2021-09-24 01:00:00,0.0959934
2021-09-24 02:00:00,0.0825443
2021-09-24 03:00:00,0.0581094
2021-09-24 04:00:00,0.0250875
2021-09-24 05:00:00,0.00271798
2021-09-24 06:00:00,0.0
2021-09-24 07:00:00,0.0457267
2021-09-24 08:00:00,0.510854
2021-09-24 09:00:00,0.979597
2021-09-24 10:00:00,1.10257
2021-09-24 11:00:00,1.3818
2021-09-24 12:00:00,1.22808
2021-09-24 13:00:00,0.700317
2021-09-24 14:00:00,0.473221
2021-09-24 15:00:00,0.134972
2021-09-24 16:00:00,0.0
2021-09-24 17:00:00,0.0
2021-09-24 18:00:00,0.0
2021-09-24 19:00:00,0.127171
2021-09-24 20:00:00,0.18595
2021-09-24 21:00:00,0.175543
2021-09-24 22:00:00,0.132538
2021-09-24 23:00:00,0.0965848
2021-09-25 00:00:00,0.053189
2021-09-25 01:00:00,0.0465613
2021-09-25 02:00:00,0.0454287
2021-09-25 03:00:00,0.0430073
2021-09-25 04:00:00,0.0388964
2021-09-25 05:00:00,0.0322306
2021-09-25 06:00:00,0.029957
2021-09-25 07:00:00,0.0275509
2021-09-25 08:00:00,0.0
2021-09-25 09:00:00,0.10693
2021-09-25 10:00:00,0.377876
2021-09-25 11:00:00,0.411017
2021-09-25 12:00:00,0.477959
2021-09-25 13:00:00,0.388057
2021-09-25 14:00:00,0.239715
2021-09-25 15:00:00,0.216247
2021-09-25 16:00:00,0.100838
2021-09-25 17:00:00,0.0
2021-09-25 18:00:00,0.0
2021-09-25 19:00:00,0.0
2021-09-25 20:00:00,0.0
2021-09-25 21:00:00,0.00340786
2021-09-25 22:00:00,0.0135792
2021-09-25 23:00:00,0.0103042
2021-09-26 00:00:00,0.0
2021-09-26 01:00:00,0.0
2021-09-26 02:00:00,0.0
2021-09-26 03:00:00,0.0
2021-09-26 04:00:00,0.0
2021-09-26 05:00:00,0.0
2021-09-26 06:00:00,0.0
2021-09-26 07:00:00,0.0
2021-09-26 08:00:00,0.0
2021-09-26 09:00:00,0.105839
2021-09-26 10:00:00,0.422219
2021-09-26 11:00:00,0.556711
2021-09-26 12:00:00,0.464201
2021-09-26 13:00:00,0.499132
2021-09-26 14:00:00,0.374407
2021-09-26 15:00:00,0.160597
2021-09-26 16:00:00,0.0877359
2021-09-26 17:00:00,0.0
2021-09-26 18:00:00,0.0
2021-09-26 19:00:00,0.0
2021-09-26 20:00:00,0.0
2021-09-26 21:00:00,0.0
2021-09-26 22:00:00,0.0
2021-09-26 23:00:00,0.0
2021-09-27 00:00:00,0.0
2021-09-27 01:00:00,0.0
2021-09-27 02:00:00,0.0
2021-09-27 03:00:00,0.0
2021-09-27 04:00:00,0.0463384
2021-09-27 05:00:00,0.0088206
2021-09-27 06:00:00,0.00965468
2021-09-27 07:00:00,0.0437808
2021-09-27 08:00:00,0.169567
2021-09-27 09:00:00,0.434039
2021-09-27 10:00:00,0.692603
2021-09-27 11:00:00,1.04592
2021-09-27 12:00:00,1.24127
2021-09-27 13:00:00,0.867527
2021-09-27 14:00:00,0.987634
2021-09-27 15:00:00,1.00974
2021-09-27 16:00:00,0.558335
2021-09-27 17:00:00,0.393751
2021-09-27 18:00:00,0.100567
2021-09-27 19:00:00,0.0315505
2021-09-27 20:00:00,0.0244265
2021-09-27 21:00:00,0.0200114
2021-09-27 22:00:00,0.0168324
2021-09-27 23:00:00,0.0139731
2021-09-28 00:00:00,0.0102671
2021-09-28 01:00:00,0.0101101
2021-09-28 02:00:00,0.00956407
2021-09-28 03:00:00,0.00941721
2021-09-28 04:00:00,0.00823683
2021-09-28 05:00:00,0.00880287
2021-09-28 06:00:00,0.00964349
2021-09-28 07:00:00,0.0156371
2021-09-28 08:00:00,0.0260018
2021-09-28 09:00:00,0.108803
2021-09-28 10:00:00,0.0415324
2021-09-28 11:00:00,0.0535604
2021-09-28 12:00:00,0.244083
2021-09-28 13:00:00,0.0
2021-09-28 14:00:00,0.119095
2021-09-28 15:00:00,0.235954
2021-09-28 16:00:00,0.197086
2021-09-28 17:00:00,0.0899146
2021-09-28 18:00:00,0.0494299
2021-09-28 19:00:00,0.0294682
2021-09-28 20:00:00,0.0243391
2021-09-28 21:00:00,0.0199205
2021-09-28 22:00:00,0.0167587
2021-09-28 23:00:00,0.0124625
2021-09-29 00:00:00,0.0102566
2021-09-29 01:00:00,0.0100871
2021-09-29 02:00:00,0.00953099
2021-09-29 03:00:00,0.00939052
2021-09-29 04:00:00,0.00834187
2021-09-29 05:00:00,0.0112921
2021-09-29 06:00:00,0.0305259
2021-09-29 07:00:00,0.0258791
2021-09-29 08:00:00,0.119579
2021-09-29 09:00:00,0.28375
2021-09-29 10:00:00,0.457321
2021-09-29 11:00:00,0.528545
2021-09-29 12:00:00,0.566854
2021-09-29 13:00:00,0.5168
2021-09-29 14:00:00,0.43301
2021-09-29 15:00:00,0.308205
2021-09-29 16:00:00,0.234354
2021-09-29 17:00:00,0.164788
2021-09-29 18:00:00,0.0612666
2021-09-29 19:00:00,0.0371574
2021-09-29 20:00:00,0.0455617
2021-09-29 21:00:00,0.0383336
2021-09-29 22:00:00,0.0255004
2021-09-29 23:00:00,0.0214024
2021-09-30 00:00:00,0.0187098
2021-09-30 01:00:00,0.0167437
2021-09-30 02:00:00,0.0124336
2021-09-30 03:00:00,0.0123228
2021-09-30 04:00:00,0.0204651
2021-09-30 05:00:00,0.0118851
2021-09-30 06:00:00,0.0159482
2021-09-30 07:00:00,0.0133683
2021-09-30 08:00:00,0.0
2021-09-30 09:00:00,0.0343077
2021-09-30 10:00:00,0.187377
2021-09-30 11:00:00,0.259404
2021-09-30 12:00:00,0.338907
2021-09-30 13:00:00,0.434384
2021-09-30 14:00:00,0.345394
2021-09-30 15:00:00,0.363831
2021-09-30 16:00:00,0.226082
2021-09-30 17:00:00,0.127893
2021-09-30 18:00:00,0.0527145
2021-09-30 19:00:00,0.0
2021-09-30 20:00:00,0.00560107
2021-09-30 21:00:00,0.0194815
2021-09-30 22:00:00,0.0296897
2021-09-30 23:00:00,0.0276865
2021-10-01 00:00:00,0.0280116
2021-10-01 01:00:00,0.0259475
2021-10-01 02:00:00,0.0211209
2021-10-01 03:00:00,0.0213364
2021-10-01 04:00:00,0.0162676
2021-10-01 05:00:00,0.0159716
2021-10-01 06:00:00,0.0246552
2021-10-01 07:00:00,0.040724
2021-10-01 08:00:00,0.111439
2021-10-01 09:00:00,0.234196
2021-10-01 10:00:00,0.332
2021-10-01 11:00:00,0.586499
2021-10-01 12:00:00,0.932648
2021-10-01 13:00:00,1.0099
2021-10-01 14:00:00,0.909282
2021-10-01 15:00:00,0.775095
2021-10-01 16:00:00,0.501014
2021-10-01 17:00:00,0.279997
2021-10-01 18:00:00,0.0936499
2021-10-01 19:00:00,0.0690963
2021-10-01 20:00:00,0.0517072
2021-10-01 21:00:00,0.0473866
2021-10-01 22:00:00,0.042851
2021-10-01 23:00:00,0.0332215
2021-10-02 00:00:00,0.0286618
2021-10-02 01:00:00,0.0278533
2021-10-02 02:00:00,0.0307696
2021-10-02 03:00:00,0.0296499
2021-10-02 04:00:00,0.0279017
2021-10-02 05:00:00,0.0220043
2021-10-02 06:00:00,0.0350799
2021-10-02 07:00:00,0.0434884
2021-10-02 08:00:00,0.0673016
2021-10-02 09:00:00,0.0931073
2021-10-02 10:00:00,0.246355
2021-10-02 11:00:00,0.381891
2021-10-02 12:00:00,0.469033
2021-10-02 13:00:00,0.516982
2021-10-02 14:00:00,0.445128
2021-10-02 15:00:00,0.389346
2021-10-02 16:00:00,0.228005
2021-10-02 17:00:00,0.107529
2021-10-02 18:00:00,0.00539483
2021-10-02 19:00:00,0.0238834
2021-10-02 20:00:00,0.0123609
2021-10-02 21:00:00,0.0166513
2021-10-02 22:00:00,0.016239
2021-10-02 23:00:00,0.00953185
2021-10-03 00:00:00,0.00629821
2021-10-03 01:00:00,0.00542569
2021-10-03 02:00:00,0.00657121
2021-10-03 03:00:00,0.00878847
2021-10-03 04:00:00,0.00762715
2021-10-03 05:00:00,0.00921836
2021-10-03 06:00:00,0.0051649
2021-10-03 07:00:00,0.0
2021-10-03 08:00:00,0.107358
2021-10-03 09:00:00,0.340569
2021-10-03 10:00:00,0.510864
2021-10-03 11:00:00,0.68316
2021-10-03 12:00:00,0.792232
2021-10-03 13:00:00,0.785564
2021-10-03 14:00:00,0.556
2021-10-03 15:00:00,0.450247
2021-10-03 16:00:00,0.388558
2021-10-03 17:00:00,0.0871784
2021-10-03 18:00:00,0.09024
2021-10-03 19:00:00,0.0
2021-10-03 20:00:00,0.0
2021-10-03 21:00:00,0.0
2021-10-03 22:00:00,0.00049005
2021-10-03 23:00:00,0.0
2021-10-04 00:00:00,0.0
2021-10-04 01:00:00,0.0
2021-10-04 02:00:00,0.0
2021-10-04 03:00:00,0.0
2021-10-04 04:00:00,0.0
2021-10-04 05:00:00,0.0
2021-10-04 06:00:00,0.0
2021-10-04 07:00:00,0.0115904
2021-10-04 08:00:00,0.0
2021-10-04 09:00:00,0.264581
2021-10-04 10:00:00,0.522415
2021-10-04 11:00:00,0.859695
2021-10-04 12:00:00,0.921077
2021-10-04 13:00:00,0.764243
2021-10-04 14:00:00,0.506575
2021-10-04 15:00:00,0.305383
2021-10-04 16:00:00,0.149382
2021-10-04 17:00:00,0.0830917
2021-10-04 18:00:00,0.0
2021-10-04 19:00:00,0.0
2021-10-04 20:00:00,0.0
2021-10-04 21:00:00,0.0
2021-10-04 22:00:00,0.0
2021-10-04 23:00:00,0.0
2021-10-05 00:00:00,0.0
2021-10-05 01:00:00,0.0
2021-10-05 02:00:00,0.0
2021-10-05 03:00:00,0.0
2021-10-05 04:00:00,0.0
2021-10-05 05:00:00,0.0
2021-10-05 06:00:00,0.0
2021-10-05 07:00:00,0.0
2021-10-05 08:00:00,0.0317213
2021-10-05 09:00:00,0.234671
2021-10-05 10:00:00,0.413605
2021-10-05 11:00:00,0.474671
2021-10-05 12:00:00,0.567893
2021-10-05 13:00:00,0.580978
2021-10-05 14:00:00,0.432133
2021-10-05 15:00:00,0.094376
2021-10-05 16:00:00,0.0
2021-10-05 17:00:00,0.0
2021-10-05 18:00:00,0.0
2021-10-05 19:00:00,0.00665369
2021-10-05 20:00:00,0.0
2021-10-05 21:00:00,0.00554017
2021-10-05 22:00:00,0.0033032
2021-10-05 23:00:00,0.00309124
2021-10-06 00:00:00,0.00318245
2021-10-06 01:00:00,0.00331426
2021-10-06 02:00:00,0.00337581
2021-10-06 03:00:00,0.004383
2021-10-06 04:00:00,0.0109747
2021-10-06 05:00:00,0.0138407
2021-10-06 06:00:00,0.0213544
2021-10-06 07:00:00,0.0400606
2021-10-06 08:00:00,0.271705
2021-10-06 09:00:00,0.764231
2021-10-06 10:00:00,1.02988
2021-10-06 11:00:00,1.32947
2021-10-06 12:00:00,1.12968
2021-10-06 13:00:00,0.92577
2021-10-06 14:00:00,0.523426
2021-10-06 15:00:00,0.224357
2021-10-06 16:00:00,0.0688089
2021-10-06 17:00:00,0.0
2021-10-06 18:00:00,0.0
2021-10-06 19:00:00,0.00484265
2021-10-06 20:00:00,0.0746201
2021-10-06 21:00:00,0.0834298
2021-10-06 22:00:00,0.0797275
2021-10-06 23:00:00,0.0598079
2021-10-07 00:00:00,0.0508607
2021-10-07 01:00:00,0.0449893
2021-10-07 02:00:00,0.0420245
2021-10-07 03:00:00,0.0411829
2021-10-07 04:00:00,0.0337055
2021-10-07 05:00:00,0.0340061
2021-10-07 06:00:00,0.0274487
2021-10-07 07:00:00,0.0606911
2021-10-07 08:00:00,0.182483
2021-10-07 09:00:00,0.489684
2021-10-07 10:00:00,0.77789
2021-10-07 11:00:00,0.92921
2021-10-07 12:00:00,0.939739
2021-10-07 13:00:00,1.04188
2021-10-07 14:00:00,0.488144
2021-10-07 15:00:00,0.281626
2021-10-07 16:00:00,0.0
2021-10-07 17:00:00,0.0
2021-10-07 18:00:00,0.0
2021-10-07 19:00:00,0.0760979
2021-10-07 20:00:00,0.085976
2021-10-07 21:00:00,0.0790866
2021-10-07 22:00:00,0.0387699
2021-10-07 23:00:00,0.0
2021-10-08 00:00:00,0.0287229
2021-10-08 01:00:00,0.0295018
2021-10-08 02:00:00,0.0246224
2021-10-08 03:00:00,0.0243761
2021-10-08 04:00:00,0.0237274
2021-10-08 05:00:00,0.0541617
2021-10-08 06:00:00,0.0590865
2021-10-08 07:00:00,0.035677
2021-10-08 08:00:00,0.0515267
2021-10-08 09:00:00,0.159749
2021-10-08 10:00:00,0.258065
2021-10-08 11:00:00,0.360693
2021-10-08 12:00:00,0.492213
2021-10-08 13:00:00,0.787546
2021-10-08 14:00:00,0.670079
2021-10-08 15:00:00,0.60729
2021-10-08 16:00:00,0.438489
2021-10-08 17:00:00,0.234575
2021-10-08 18:00:00,0.106526
2021-10-08 19:00:00,0.0102885
2021-10-08 20:00:00,0.01762
2021-10-08 21:00:00,0.0439708
2021-10-08 22:00:00,0.0292081
2021-10-08 23:00:00,0.0356474
2021-10-09 00:00:00,0.0484753
2021-10-09 01:00:00,0.0419075
2021-10-09 02:00:00,0.0588797
2021-10-09 03:00:00,0.0564096
2021-10-09 04:00:00,0.0391998
2021-10-09 05:00:00,0.0433456
2021-10-09 06:00:00,0.0839684
2021-10-09 07:00:00,0.090059
2021-10-09 08:00:00,0.202812
2021-10-09 09:00:00,0.33013
2021-10-09 10:00:00,1.77091
2021-10-09 11:00:00,0.687954
2021-10-09 12:00:00,1.00274
2021-10-09 13:00:00,0.848583
2021-10-09 14:00:00,0.574802
2021-10-09 15:00:00,0.451833
2021-10-09 16:00:00,0.267676
2021-10-09 17:00:00,0.0707293
2021-10-09 18:00:00,0.0422111
2021-10-09 19:00:00,0.0271372
2021-10-09 20:00:00,0.0032154
2021-10-09 21:00:00,0.0250674
2021-10-09 22:00:00,0.0289813
2021-10-09 23:00:00,0.00324583
2021-10-10 00:00:00,0.0134949
2021-10-10 01:00:00,0.0117819
2021-10-10 02:00:00,0.0086398
2021-10-10 03:00:00,0.012379
2021-10-10 04:00:00,0.0072058
2021-10-10 05:00:00,0.0124979
2021-10-10 06:00:00,0.00245458
2021-10-10 07:00:00,0.0707861
2021-10-10 08:00:00,0.291275
2021-10-10 09:00:00,0.559168
2021-10-10 10:00:00,4.4
2021-10-10 11:00:00,1.13467
2021-10-10 12:00:00,1.21768
2021-10-10 13:00:00,1.20711
2021-10-10 14:00:00,0.963316
2021-10-10 15:00:00,0.739373
2021-10-10 16:00:00,0.390615
2021-10-10 17:00:00,0.0949184
2021-10-10 18:00:00,0.0465971
2021-10-10 19:00:00,0.0390822
2021-10-10 20:00:00,0.0149261
2021-10-10 21:00:00,0.0216548
2021-10-10 22:00:00,0.0131581
2021-10-10 23:00:00,0.00437328
2021-10-11 00:00:00,0.0
2021-10-11 01:00:00,0.0
2021-10-11 02:00:00,0.0
2021-10-11 03:00:00,0.0
2021-10-11 04:00:00,0.0164491
2021-10-11 05:00:00,0.0147752
2021-10-11 06:00:00,0.0139257
2021-10-11 07:00:00,0.105584
2021-10-11 08:00:00,0.168982
2021-10-11 09:00:00,0.382742
2021-10-11 10:00:00,0.606021
2021-10-11 11:00:00,0.748677
2021-10-11 12:00:00,1.07976
2021-10-11 13:00:00,1.03665
2021-10-11 14:00:00,0.99121
2021-10-11 15:00:00,0.907733
2021-10-11 16:00:00,0.718986
2021-10-11 17:00:00,0.5447
2021-10-11 18:00:00,0.202612
2021-10-11 19:00:00,0.0135513
2021-10-11 20:00:00,0.0227755
2021-10-11 21:00:00,0.0153678
2021-10-11 22:00:00,0.00335574
2021-10-11 23:00:00,0.0
